-- Seed data for Brillar Academy (fictional)
BEGIN;
INSERT INTO faculties (id, name, description, link) VALUES ('fac-eng', 'Faculty of Engineering', 'Integrates civil, mechanical, and environmental engineering with river infrastructure innovation.', '/public/academics.html#fac-eng') ON CONFLICT DO NOTHING;
INSERT INTO faculties (id, name, description, link) VALUES ('fac-sci', 'Faculty of Science', 'Advances environmental sciences, chemistry, physics, and life sciences for resilient ecosystems.', '/public/academics.html#fac-sci') ON CONFLICT DO NOTHING;
INSERT INTO faculties (id, name, description, link) VALUES ('fac-arts', 'Faculty of Arts & Humanities', 'Celebrates creative expression, histories, and languages of river-connected cultures.', '/public/academics.html#fac-arts') ON CONFLICT DO NOTHING;
INSERT INTO faculties (id, name, description, link) VALUES ('fac-bus', 'School of Business & Leadership', 'Prepares ethical leaders for sustainable enterprises and social innovation ventures.', '/public/academics.html#fac-bus') ON CONFLICT DO NOTHING;
INSERT INTO faculties (id, name, description, link) VALUES ('fac-med', 'College of Medicine & Health Sciences', 'Delivers interprofessional training across medicine, nursing, and public health.', '/public/academics.html#fac-med') ON CONFLICT DO NOTHING;
INSERT INTO faculties (id, name, description, link) VALUES ('fac-edu', 'Faculty of Education & Human Development', 'Empowers educators and counselors to champion inclusive learning pathways.', '/public/academics.html#fac-edu') ON CONFLICT DO NOTHING;
INSERT INTO faculties (id, name, description, link) VALUES ('fac-law', 'Brillar Academy Law School', 'Shapes advocates in water rights, civic governance, and community law.', '/public/academics.html#fac-law') ON CONFLICT DO NOTHING;
INSERT INTO faculties (id, name, description, link) VALUES ('fac-comp', 'School of Computing & Data Sciences', 'Explores AI, data analytics, and software systems for smart river regions.', '/public/academics.html#fac-comp') ON CONFLICT DO NOTHING;
INSERT INTO departments (id, faculty_id, name, chair_name, contact_email, phone, description) VALUES ('dept-civ-structures', 'fac-eng', 'Department of Civil & Riverine Structures', 'Professor Arelle Myles', 'civil.structures@brillaracademy.example', '+0004101100', 'Designs adaptive bridges, levees, and waterfront spaces suited to tidal dynamics.') ON CONFLICT DO NOTHING;
INSERT INTO departments (id, faculty_id, name, chair_name, contact_email, phone, description) VALUES ('dept-env-systems', 'fac-eng', 'Department of Environmental Systems Engineering', 'Associate Professor Kalen Dhor', 'envsystems@brillaracademy.example', '+0004101101', 'Applies engineering solutions to water quality, energy recovery, and ecological restoration.') ON CONFLICT DO NOTHING;
INSERT INTO departments (id, faculty_id, name, chair_name, contact_email, phone, description) VALUES ('dept-mech-automation', 'fac-eng', 'Department of Mechanical Automation', 'Professor Jovianna Crest', 'mech.auto@brillaracademy.example', '+0004101102', 'Advances robotics and manufacturing systems for resilient river corridor industries.') ON CONFLICT DO NOTHING;
INSERT INTO departments (id, faculty_id, name, chair_name, contact_email, phone, description) VALUES ('dept-river-transport', 'fac-eng', 'Department of River Transport Systems', 'Dr. Marcen Wilde', 'river.transport@brillaracademy.example', '+0004101103', 'Explores multimodal mobility connecting river ports, rail hubs, and urban transit.') ON CONFLICT DO NOTHING;
INSERT INTO departments (id, faculty_id, name, chair_name, contact_email, phone, description) VALUES ('dept-marine-biology', 'fac-sci', 'Department of Aquatic & Marine Biology', 'Professor Liora Naveen', 'marine.bio@brillaracademy.example', '+0004201200', 'Studies freshwater biodiversity, estuary habitats, and conservation genetics.') ON CONFLICT DO NOTHING;
INSERT INTO departments (id, faculty_id, name, chair_name, contact_email, phone, description) VALUES ('dept-chemistry-materials', 'fac-sci', 'Department of Chemistry & Advanced Materials', 'Professor Emer Tavek', 'chem.materials@brillaracademy.example', '+0004201201', 'Synthesizes sustainable polymers, sensors, and catalysts for environmental monitoring.') ON CONFLICT DO NOTHING;
INSERT INTO departments (id, faculty_id, name, chair_name, contact_email, phone, description) VALUES ('dept-physics-astral', 'fac-sci', 'Department of Physics & Astral Phenomena', 'Associate Professor Imani Quell', 'physics@brillaracademy.example', '+0004201202', 'Investigates quantum materials, atmospheric optics, and space weather impacts.') ON CONFLICT DO NOTHING;
INSERT INTO departments (id, faculty_id, name, chair_name, contact_email, phone, description) VALUES ('dept-earth-hydro', 'fac-sci', 'Department of Earth & Hydrologic Sciences', 'Professor Daren Liwood', 'earth.hydro@brillaracademy.example', '+0004201203', 'Models watershed resilience, sediment flows, and river geomorphology.') ON CONFLICT DO NOTHING;
INSERT INTO departments (id, faculty_id, name, chair_name, contact_email, phone, description) VALUES ('dept-river-arts', 'fac-arts', 'Department of River Arts & Design', 'Professor Nayeli Stroud', 'river.arts@brillaracademy.example', '+0004301300', 'Cultivates visual storytelling and public art for waterfront communities.') ON CONFLICT DO NOTHING;
INSERT INTO departments (id, faculty_id, name, chair_name, contact_email, phone, description) VALUES ('dept-history-heritage', 'fac-arts', 'Department of Heritage & River Histories', 'Associate Professor Lumen Gard', 'heritage@brillaracademy.example', '+0004301301', 'Documents cultural narratives and preservation strategies along river corridors.') ON CONFLICT DO NOTHING;
INSERT INTO departments (id, faculty_id, name, chair_name, contact_email, phone, description) VALUES ('dept-linguistics', 'fac-arts', 'Department of Linguistics & Interpretation', 'Professor Calia Roane', 'linguistics@brillaracademy.example', '+0004301302', 'Explores multilingual communication and translation in trade ports and creative sectors.') ON CONFLICT DO NOTHING;
INSERT INTO departments (id, faculty_id, name, chair_name, contact_email, phone, description) VALUES ('dept-media-narratives', 'fac-arts', 'Department of Media Narratives', 'Dr. Oren Talwyn', 'media.narratives@brillaracademy.example', '+0004301303', 'Produces documentary, broadcast, and immersive media centered on river life.') ON CONFLICT DO NOTHING;
INSERT INTO departments (id, faculty_id, name, chair_name, contact_email, phone, description) VALUES ('dept-sustainable-enterprise', 'fac-bus', 'Department of Sustainable Enterprise', 'Professor Harlan Vey', 'sustainable.business@brillaracademy.example', '+0004401400', 'Guides entrepreneurs launching climate-resilient ventures across the river region.') ON CONFLICT DO NOTHING;
INSERT INTO departments (id, faculty_id, name, chair_name, contact_email, phone, description) VALUES ('dept-finance-analytics', 'fac-bus', 'Department of Finance & River Analytics', 'Associate Professor Della Nyk', 'finance.analytics@brillaracademy.example', '+0004401401', 'Delivers financial modeling, fintech, and impact investing education.') ON CONFLICT DO NOTHING;
INSERT INTO departments (id, faculty_id, name, chair_name, contact_email, phone, description) VALUES ('dept-public-leadership', 'fac-bus', 'Department of Public Leadership & Policy', 'Professor Mira Casten', 'public.leadership@brillaracademy.example', '+0004401402', 'Prepares leaders for civic agencies, NGOs, and collaborative governance roles.') ON CONFLICT DO NOTHING;
INSERT INTO departments (id, faculty_id, name, chair_name, contact_email, phone, description) VALUES ('dept-hospitality', 'fac-bus', 'Department of River Hospitality & Tourism', 'Dr. Quinlan Aero', 'hospitality@brillaracademy.example', '+0004401403', 'Curates hospitality operations for river cruises, eco-lodges, and cultural events.') ON CONFLICT DO NOTHING;
INSERT INTO departments (id, faculty_id, name, chair_name, contact_email, phone, description) VALUES ('dept-medical-sciences', 'fac-med', 'Department of Clinical Medical Sciences', 'Professor Selia Hadrin', 'medicine@brillaracademy.example', '+0004501500', 'Delivers foundational and clinical sciences for future physicians.') ON CONFLICT DO NOTHING;
INSERT INTO departments (id, faculty_id, name, chair_name, contact_email, phone, description) VALUES ('dept-nursing', 'fac-med', 'Department of Riverland Nursing', 'Associate Professor Taryn Ives', 'nursing@brillaracademy.example', '+0004501501', 'Prepares compassionate nurses for community clinics and river health vessels.') ON CONFLICT DO NOTHING;
INSERT INTO departments (id, faculty_id, name, chair_name, contact_email, phone, description) VALUES ('dept-public-health', 'fac-med', 'Department of Public & Community Health', 'Professor Idris Maven', 'public.health@brillaracademy.example', '+0004501502', 'Addresses waterborne disease prevention, epidemiology, and health equity.') ON CONFLICT DO NOTHING;
INSERT INTO departments (id, faculty_id, name, chair_name, contact_email, phone, description) VALUES ('dept-biomedical-innovation', 'fac-med', 'Department of Biomedical Innovation', 'Dr. Renalla Skye', 'biomed@brillaracademy.example', '+0004501503', 'Develops medical devices and diagnostics tailored to resource-limited river clinics.') ON CONFLICT DO NOTHING;
INSERT INTO departments (id, faculty_id, name, chair_name, contact_email, phone, description) VALUES ('dept-curriculum-innovation', 'fac-edu', 'Department of Curriculum Innovation', 'Professor Jalen Sorrell', 'curriculum@brillaracademy.example', '+0004601600', 'Designs inclusive curriculum frameworks for river valley schools.') ON CONFLICT DO NOTHING;
INSERT INTO departments (id, faculty_id, name, chair_name, contact_email, phone, description) VALUES ('dept-counseling', 'fac-edu', 'Department of Counseling & Student Wellness', 'Associate Professor Priya Sen', 'counseling@brillaracademy.example', '+0004601601', 'Trains counselors supporting youth wellbeing and college transitions.') ON CONFLICT DO NOTHING;
INSERT INTO departments (id, faculty_id, name, chair_name, contact_email, phone, description) VALUES ('dept-educational-leadership', 'fac-edu', 'Department of Educational Leadership', 'Professor Malek Vass', 'edleadership@brillaracademy.example', '+0004601602', 'Prepares principals and district leaders for collaborative school improvement.') ON CONFLICT DO NOTHING;
INSERT INTO departments (id, faculty_id, name, chair_name, contact_email, phone, description) VALUES ('dept-water-law', 'fac-law', 'Department of Water & Environmental Law', 'Professor Ayra Tomel', 'waterlaw@brillaracademy.example', '+0004701700', 'Examines riparian rights, resource governance, and maritime regulation.') ON CONFLICT DO NOTHING;
INSERT INTO departments (id, faculty_id, name, chair_name, contact_email, phone, description) VALUES ('dept-civic-justice', 'fac-law', 'Department of Civic Justice', 'Associate Professor Fen Malik', 'civicjustice@brillaracademy.example', '+0004701701', 'Focuses on community advocacy, restorative justice, and constitutional law.') ON CONFLICT DO NOTHING;
INSERT INTO departments (id, faculty_id, name, chair_name, contact_email, phone, description) VALUES ('dept-indigenous-rights', 'fac-law', 'Department of Indigenous River Rights', 'Professor Shira Omak', 'indigenous.rights@brillaracademy.example', '+0004701702', 'Partners with river nations to advance sovereignty and cultural stewardship.') ON CONFLICT DO NOTHING;
INSERT INTO departments (id, faculty_id, name, chair_name, contact_email, phone, description) VALUES ('dept-ai-systems', 'fac-comp', 'Department of Intelligent Systems', 'Professor Kaede Lum', 'ai.systems@brillaracademy.example', '+0004801800', 'Develops AI models for climate resilience, mobility, and public services.') ON CONFLICT DO NOTHING;
INSERT INTO departments (id, faculty_id, name, chair_name, contact_email, phone, description) VALUES ('dept-data-analytics', 'fac-comp', 'Department of Data Analytics', 'Associate Professor Rion Keats', 'data.analytics@brillaracademy.example', '+0004801801', 'Applies analytics to urban planning, health systems, and civic engagement.') ON CONFLICT DO NOTHING;
INSERT INTO departments (id, faculty_id, name, chair_name, contact_email, phone, description) VALUES ('dept-cybersecurity', 'fac-comp', 'Department of Cybersecurity & Privacy', 'Professor Juniper Varek', 'cyber@brillaracademy.example', '+0004801802', 'Safeguards digital infrastructure supporting water utilities and smart cities.') ON CONFLICT DO NOTHING;
INSERT INTO departments (id, faculty_id, name, chair_name, contact_email, phone, description) VALUES ('dept-interactive-media', 'fac-comp', 'Department of Interactive Media Engineering', 'Dr. Lysa Corvin', 'interactive.media@brillaracademy.example', '+0004801803', 'Designs immersive learning experiences and extended reality environments.') ON CONFLICT DO NOTHING;
INSERT INTO courses (course_code, title, level, credits, duration, tuition_per_year, faculty_id, department_id, delivery_mode, short_description, full_description, prerequisites, intake_seasons, curriculum_outline, lecturers) VALUES ('ENG101', 'Riverfront Structural Design', 'Undergraduate', 4, 1, 18400, 'fac-eng', 'dept-civ-structures', 'On-campus', 'Introduces structural analysis for bridges, piers, and levees in dynamic river settings.', 'Students learn structural engineering fundamentals with emphasis on hydrodynamic loading, soil-structure interaction, and resilient materials for riverfront projects.', ARRAY[]::text[], ARRAY['Fall 2025', 'Spring 2026', 'Fall 2026']::text[], ARRAY['Statics refresher', 'Hydraulic load calculations', 'Materials for flood resilience', 'Bridge typologies', 'Design studio: community footbridge']::text[], ARRAY['lec-joran-albright', 'lec-evan-stroud']::text[]) ON CONFLICT DO NOTHING;
INSERT INTO courses (course_code, title, level, credits, duration, tuition_per_year, faculty_id, department_id, delivery_mode, short_description, full_description, prerequisites, intake_seasons, curriculum_outline, lecturers) VALUES ('ENG205', 'Adaptive Bridge Engineering', 'Undergraduate', 5, 1, 19050, 'fac-eng', 'dept-civ-structures', 'Hybrid', 'Explores adjustable bridge systems responding to tidal and shipping constraints.', 'Learners prototype movable structures, analyze actuator systems, and evaluate lifecycle maintenance for adaptive bridges across river corridors.', ARRAY['ENG101']::text[], ARRAY['Spring 2026', 'Fall 2026']::text[], ARRAY['Historical movable bridge case studies', 'Sensors and control integration', 'Resilience modeling', 'Community consultation workshop', 'Bridge retrofit project']::text[], ARRAY['lec-joran-albright', 'lec-samira-quell']::text[]) ON CONFLICT DO NOTHING;
INSERT INTO courses (course_code, title, level, credits, duration, tuition_per_year, faculty_id, department_id, delivery_mode, short_description, full_description, prerequisites, intake_seasons, curriculum_outline, lecturers) VALUES ('ENG310', 'Tidal Hydraulics Laboratory', 'Undergraduate', 4, 1, 19200, 'fac-eng', 'dept-env-systems', 'On-campus', 'Applies experimental methods to simulate tidal flows and turbulence.', 'Students operate scale models, deploy instrumentation, and analyze datasets to optimize tidal channel and levee configurations.', ARRAY['ENG205']::text[], ARRAY['Fall 2025', 'Fall 2026']::text[], ARRAY['Hydraulics instrumentation', 'Flow visualization', 'Sediment transport experiments', 'Data acquisition coding', 'Lab design review']::text[], ARRAY['lec-samira-quell', 'lec-theron-blake']::text[]) ON CONFLICT DO NOTHING;
INSERT INTO courses (course_code, title, level, credits, duration, tuition_per_year, faculty_id, department_id, delivery_mode, short_description, full_description, prerequisites, intake_seasons, curriculum_outline, lecturers) VALUES ('ENG325', 'Circular Water Systems Engineering', 'Masters', 5, 1, 22800, 'fac-eng', 'dept-env-systems', 'Hybrid', 'Designs closed-loop water systems for industrial and community reuse.', 'The course addresses water-energy nexus, membrane technologies, and policy frameworks enabling circular water economies.', ARRAY['ENG310']::text[], ARRAY['Spring 2026', 'Spring 2027']::text[], ARRAY['Advanced treatment processes', 'Circular economy modeling', 'Governance and policy', 'Community stakeholder lab', 'Final pilot project']::text[], ARRAY['lec-samira-quell', 'lec-kyra-hollin']::text[]) ON CONFLICT DO NOTHING;
INSERT INTO courses (course_code, title, level, credits, duration, tuition_per_year, faculty_id, department_id, delivery_mode, short_description, full_description, prerequisites, intake_seasons, curriculum_outline, lecturers) VALUES ('ENG340', 'Autonomous Fabrication Workshop', 'Masters', 6, 1, 23500, 'fac-eng', 'dept-mech-automation', 'On-campus', 'Integrates robotics and additive manufacturing for riverfront construction.', 'Participants program robotic arms, evaluate composite materials, and deliver prototypes for rapid-response infrastructure.', ARRAY['ENG205']::text[], ARRAY['Fall 2025', 'Fall 2026', 'Fall 2027']::text[], ARRAY['Automation fundamentals', 'Robotic toolpath scripting', 'Composite material labs', 'Prototype sprint', 'Deployment scenario review']::text[], ARRAY['lec-theron-blake', 'lec-kyra-hollin']::text[]) ON CONFLICT DO NOTHING;
INSERT INTO courses (course_code, title, level, credits, duration, tuition_per_year, faculty_id, department_id, delivery_mode, short_description, full_description, prerequisites, intake_seasons, curriculum_outline, lecturers) VALUES ('ENG360', 'River Mobility Systems Design', 'Undergraduate', 4, 1, 18750, 'fac-eng', 'dept-river-transport', 'Hybrid', 'Develops multimodal transport plans integrating ferry, rail, and cycling networks.', 'Students collaborate with transit agencies to optimize timetables, design passenger experiences, and ensure equitable access across riverfront districts.', ARRAY['ENG101']::text[], ARRAY['Spring 2026', 'Fall 2026']::text[], ARRAY['Mobility data analysis', 'Passenger experience mapping', 'River ferry design', 'Transit equity assessment', 'Integrated systems plan']::text[], ARRAY['lec-livia-merat', 'lec-evan-stroud']::text[]) ON CONFLICT DO NOTHING;
INSERT INTO courses (course_code, title, level, credits, duration, tuition_per_year, faculty_id, department_id, delivery_mode, short_description, full_description, prerequisites, intake_seasons, curriculum_outline, lecturers) VALUES ('ENG415', 'Resilient Materials Laboratory', 'PhD', 5, 1, 24600, 'fac-eng', 'dept-mech-automation', 'On-campus', 'Evaluates material durability under extreme moisture, salinity, and heat conditions.', 'This advanced lab features accelerated weathering chambers and digital material tracking to inform infrastructure procurement.', ARRAY['ENG340']::text[], ARRAY['Fall 2026', 'Spring 2027']::text[], ARRAY['Accelerated weathering protocols', 'Digital twin material tracking', 'Lifecycle assessment modeling', 'Scholarly publication workshop', 'Doctoral research colloquium']::text[], ARRAY['lec-theron-blake', 'lec-kyra-hollin']::text[]) ON CONFLICT DO NOTHING;
INSERT INTO courses (course_code, title, level, credits, duration, tuition_per_year, faculty_id, department_id, delivery_mode, short_description, full_description, prerequisites, intake_seasons, curriculum_outline, lecturers) VALUES ('ENG450', 'Port Logistics Engineering', 'Masters', 6, 1, 23200, 'fac-eng', 'dept-river-transport', 'Hybrid', 'Optimizes cargo, passenger, and supply chain flows through river-port systems.', 'Learners model logistics operations, design smart berths, and evaluate decarbonized port strategies aligned with community needs.', ARRAY['ENG360']::text[], ARRAY['Spring 2027']::text[], ARRAY['Port simulation software', 'Customs and compliance', 'Cold chain design', 'Community impact mitigation', 'Capstone logistics audit']::text[], ARRAY['lec-livia-merat', 'lec-evan-stroud']::text[]) ON CONFLICT DO NOTHING;
INSERT INTO courses (course_code, title, level, credits, duration, tuition_per_year, faculty_id, department_id, delivery_mode, short_description, full_description, prerequisites, intake_seasons, curriculum_outline, lecturers) VALUES ('SCI110', 'Estuary Biodiversity Survey', 'Undergraduate', 4, 1, 18100, 'fac-sci', 'dept-marine-biology', 'On-campus', 'Field-intensive introduction to estuary species identification and sampling.', 'Students conduct transects, use environmental DNA, and catalog species to inform conservation strategies.', ARRAY[]::text[], ARRAY['Fall 2025', 'Spring 2026']::text[], ARRAY['Estuary ecology fundamentals', 'Sampling design', 'Environmental DNA techniques', 'Data visualization', 'Conservation briefing']::text[], ARRAY['lec-nivaan-sage', 'lec-meera-senai']::text[]) ON CONFLICT DO NOTHING;
INSERT INTO courses (course_code, title, level, credits, duration, tuition_per_year, faculty_id, department_id, delivery_mode, short_description, full_description, prerequisites, intake_seasons, curriculum_outline, lecturers) VALUES ('SCI205', 'River Chemistry Analytics', 'Undergraduate', 4, 1, 18600, 'fac-sci', 'dept-chemistry-materials', 'On-campus', 'Covers advanced analytical methods for tracking river pollutants and nutrients.', 'Learners calibrate instruments, interpret chromatograms, and design monitoring dashboards for stakeholders.', ARRAY['SCI110']::text[], ARRAY['Spring 2026', 'Fall 2026']::text[], ARRAY['Analytical instrumentation', 'Nutrient cycling', 'Lab QA/QC', 'Data dashboard design', 'Policy translation workshop']::text[], ARRAY['lec-elara-mott', 'lec-cassian-root']::text[]) ON CONFLICT DO NOTHING;
INSERT INTO courses (course_code, title, level, credits, duration, tuition_per_year, faculty_id, department_id, delivery_mode, short_description, full_description, prerequisites, intake_seasons, curriculum_outline, lecturers) VALUES ('SCI220', 'Atmospheric Optics of River Basins', 'Undergraduate', 3, 1, 17950, 'fac-sci', 'dept-physics-astral', 'Hybrid', 'Explores light scattering, aerosols, and visibility across humid regions.', 'Students analyze satellite data, run radiative transfer models, and assess public health impacts.', ARRAY[]::text[], ARRAY['Fall 2025', 'Spring 2027']::text[], ARRAY['Optics fundamentals', 'Remote sensing datasets', 'Model calibration', 'Air quality scenarios', 'Policy communication']::text[], ARRAY['lec-darius-pell', 'lec-yvette-ormond']::text[]) ON CONFLICT DO NOTHING;
INSERT INTO courses (course_code, title, level, credits, duration, tuition_per_year, faculty_id, department_id, delivery_mode, short_description, full_description, prerequisites, intake_seasons, curriculum_outline, lecturers) VALUES ('SCI240', 'Quantum Sensor Applications', 'Masters', 5, 1, 22400, 'fac-sci', 'dept-physics-astral', 'On-campus', 'Introduces quantum sensing devices for environmental monitoring.', 'Learners prototype magnetometers and photon detectors to capture micro-changes in riverine systems.', ARRAY['SCI220']::text[], ARRAY['Spring 2026', 'Fall 2026']::text[], ARRAY['Quantum sensing overview', 'Instrument design', 'Signal processing', 'Prototype testing', 'Deployment plan']::text[], ARRAY['lec-darius-pell', 'lec-cassian-root']::text[]) ON CONFLICT DO NOTHING;
INSERT INTO courses (course_code, title, level, credits, duration, tuition_per_year, faculty_id, department_id, delivery_mode, short_description, full_description, prerequisites, intake_seasons, curriculum_outline, lecturers) VALUES ('SCI305', 'Hydrologic Modeling Studio', 'Masters', 6, 1, 22900, 'fac-sci', 'dept-earth-hydro', 'Hybrid', 'Builds integrated models to forecast watershed responses under climate stress.', 'Teams combine GIS, hydrologic software, and scenario planning to support municipal decision-making.', ARRAY['SCI205']::text[], ARRAY['Fall 2025', 'Spring 2026', 'Fall 2027']::text[], ARRAY['Watershed data assembly', 'Model calibration', 'Scenario development', 'Stakeholder engagement', 'Capstone presentation']::text[], ARRAY['lec-nivaan-sage', 'lec-elara-mott']::text[]) ON CONFLICT DO NOTHING;
INSERT INTO courses (course_code, title, level, credits, duration, tuition_per_year, faculty_id, department_id, delivery_mode, short_description, full_description, prerequisites, intake_seasons, curriculum_outline, lecturers) VALUES ('SCI320', 'Coastal Genomics', 'Masters', 5, 1, 22650, 'fac-sci', 'dept-marine-biology', 'On-campus', 'Examines genomic diversity across coastal and estuary species.', 'Students conduct sequencing, interpret genomic markers, and design conservation recommendations.', ARRAY['SCI110']::text[], ARRAY['Spring 2026', 'Spring 2027']::text[], ARRAY['Genomics lab orientation', 'Bioinformatics workflows', 'Population analysis', 'Ethical considerations', 'Management plan development']::text[], ARRAY['lec-meera-senai', 'lec-yvette-ormond']::text[]) ON CONFLICT DO NOTHING;
INSERT INTO courses (course_code, title, level, credits, duration, tuition_per_year, faculty_id, department_id, delivery_mode, short_description, full_description, prerequisites, intake_seasons, curriculum_outline, lecturers) VALUES ('SCI360', 'Sediment Dynamics Field Camp', 'Undergraduate', 4, 1, 18800, 'fac-sci', 'dept-earth-hydro', 'On-campus', 'Immersive field course analyzing sediment flows and geomorphology.', 'Participants deploy sensors, map riverbeds, and provide recommendations for dredging and restoration projects.', ARRAY['SCI305']::text[], ARRAY['Summer 2026']::text[], ARRAY['Field instrumentation', 'Bathymetric mapping', 'Sediment lab analysis', 'Community consultation', 'Field report presentation']::text[], ARRAY['lec-nivaan-sage', 'lec-cassian-root']::text[]) ON CONFLICT DO NOTHING;
INSERT INTO courses (course_code, title, level, credits, duration, tuition_per_year, faculty_id, department_id, delivery_mode, short_description, full_description, prerequisites, intake_seasons, curriculum_outline, lecturers) VALUES ('SCI410', 'Climate Resilience Modeling', 'PhD', 6, 2, 24850, 'fac-sci', 'dept-earth-hydro', 'Hybrid', 'Advanced seminar on integrated climate impact modeling across river basins.', 'Doctoral students collaborate with policy makers to align adaptation modeling with equity metrics and finance planning.', ARRAY['SCI305']::text[], ARRAY['Fall 2026']::text[], ARRAY['Climate data integration', 'Multi-sector modeling', 'Equity indicators', 'Policy simulation', 'Scholarly dissemination']::text[], ARRAY['lec-elara-mott', 'lec-darius-pell']::text[]) ON CONFLICT DO NOTHING;
INSERT INTO courses (course_code, title, level, credits, duration, tuition_per_year, faculty_id, department_id, delivery_mode, short_description, full_description, prerequisites, intake_seasons, curriculum_outline, lecturers) VALUES ('ART115', 'River Sketching Studio', 'Undergraduate', 3, 1, 16800, 'fac-arts', 'dept-river-arts', 'On-campus', 'Foundation drawing course capturing river landscapes and communities.', 'Students practice observational techniques, experiment with mixed media, and produce an illustrated river atlas.', ARRAY[]::text[], ARRAY['Fall 2025', 'Spring 2026']::text[], ARRAY['Sketching fundamentals', 'Watercolor experimentation', 'Field journaling', 'Community storytelling', 'Portfolio critique']::text[], ARRAY['lec-nyla-rivers', 'lec-marin-cole']::text[]) ON CONFLICT DO NOTHING;
INSERT INTO courses (course_code, title, level, credits, duration, tuition_per_year, faculty_id, department_id, delivery_mode, short_description, full_description, prerequisites, intake_seasons, curriculum_outline, lecturers) VALUES ('ART210', 'Heritage Documentation Techniques', 'Undergraduate', 4, 1, 17600, 'fac-arts', 'dept-history-heritage', 'Hybrid', 'Trains students in archival research, oral histories, and digital preservation.', 'Learners develop community trust, record oral histories, and digitize artifacts to support heritage exhibits.', ARRAY['ART115']::text[], ARRAY['Spring 2026', 'Fall 2026']::text[], ARRAY['Community partnership lab', 'Audio archiving', 'Digital asset management', 'Exhibit design', 'Public presentation']::text[], ARRAY['lec-sorin-pax', 'lec-adela-voss']::text[]) ON CONFLICT DO NOTHING;
INSERT INTO courses (course_code, title, level, credits, duration, tuition_per_year, faculty_id, department_id, delivery_mode, short_description, full_description, prerequisites, intake_seasons, curriculum_outline, lecturers) VALUES ('ART225', 'Multilingual Storytelling', 'Undergraduate', 3, 1, 17050, 'fac-arts', 'dept-linguistics', 'Hybrid', 'Explores translation, interpretation, and narrative craft across river languages.', 'Students compose multilingual scripts, develop translation glossaries, and produce live storytelling events.', ARRAY[]::text[], ARRAY['Fall 2025', 'Spring 2027']::text[], ARRAY['Narrative frameworks', 'Translation lab', 'Performance coaching', 'Community rehearsal', 'Storytelling showcase']::text[], ARRAY['lec-oma-lir', 'lec-jasper-wyn']::text[]) ON CONFLICT DO NOTHING;
INSERT INTO courses (course_code, title, level, credits, duration, tuition_per_year, faculty_id, department_id, delivery_mode, short_description, full_description, prerequisites, intake_seasons, curriculum_outline, lecturers) VALUES ('ART240', 'Documentary Production Field Lab', 'Undergraduate', 4, 1, 18200, 'fac-arts', 'dept-media-narratives', 'On-campus', 'Immersive experience capturing documentary films about river life.', 'Teams plan shoots, manage audio, edit footage, and publish short films highlighting community innovation.', ARRAY['ART210']::text[], ARRAY['Spring 2026', 'Spring 2027']::text[], ARRAY['Story development', 'Production logistics', 'Field recording', 'Editing intensive', 'Film festival premiere']::text[], ARRAY['lec-sorin-pax', 'lec-oma-lir']::text[]) ON CONFLICT DO NOTHING;
INSERT INTO courses (course_code, title, level, credits, duration, tuition_per_year, faculty_id, department_id, delivery_mode, short_description, full_description, prerequisites, intake_seasons, curriculum_outline, lecturers) VALUES ('ART305', 'Public Art Installations', 'Masters', 5, 1, 21500, 'fac-arts', 'dept-river-arts', 'Hybrid', 'Designs large-scale public art responding to river ecologies.', 'Students prototype sculptures, collaborate with engineers, and develop permits for installation.', ARRAY['ART115']::text[], ARRAY['Fall 2026', 'Fall 2027']::text[], ARRAY['Site analysis', 'Material prototyping', 'Community feedback', 'Installation planning', 'Project documentation']::text[], ARRAY['lec-nyla-rivers', 'lec-adela-voss']::text[]) ON CONFLICT DO NOTHING;
INSERT INTO courses (course_code, title, level, credits, duration, tuition_per_year, faculty_id, department_id, delivery_mode, short_description, full_description, prerequisites, intake_seasons, curriculum_outline, lecturers) VALUES ('ART330', 'River Cultural Theory', 'Masters', 4, 1, 20900, 'fac-arts', 'dept-history-heritage', 'Hybrid', 'Seminar interrogating river-based cultural identities and expressions.', 'Participants engage with cultural theory, analyze artworks, and produce critical essays and podcasts.', ARRAY['ART225']::text[], ARRAY['Spring 2027']::text[], ARRAY['Critical frameworks', 'Ethnographic methods', 'Podcast scripting', 'Peer review workshop', 'Symposium presentation']::text[], ARRAY['lec-marin-cole', 'lec-jasper-wyn']::text[]) ON CONFLICT DO NOTHING;
INSERT INTO courses (course_code, title, level, credits, duration, tuition_per_year, faculty_id, department_id, delivery_mode, short_description, full_description, prerequisites, intake_seasons, curriculum_outline, lecturers) VALUES ('ART415', 'Immersive Media Narratives', 'PhD', 5, 1, 23800, 'fac-arts', 'dept-media-narratives', 'On-campus', 'Advanced project-based course using AR/VR to tell river stories.', 'Students design interactive experiences, integrate spatial audio, and deploy prototypes for community feedback.', ARRAY['ART240']::text[], ARRAY['Fall 2026', 'Spring 2027']::text[], ARRAY['Immersive storytelling', 'Experience prototyping', 'Spatial audio mixing', 'User testing', 'Publication and exhibition']::text[], ARRAY['lec-oma-lir', 'lec-jasper-wyn']::text[]) ON CONFLICT DO NOTHING;
INSERT INTO courses (course_code, title, level, credits, duration, tuition_per_year, faculty_id, department_id, delivery_mode, short_description, full_description, prerequisites, intake_seasons, curriculum_outline, lecturers) VALUES ('BUS120', 'Sustainable Venture Foundations', 'Undergraduate', 4, 1, 18900, 'fac-bus', 'dept-sustainable-enterprise', 'On-campus', 'Covers entrepreneurship fundamentals for mission-driven startups.', 'Students develop business models, impact metrics, and investor pitches focused on river-positive ventures.', ARRAY[]::text[], ARRAY['Fall 2025', 'Spring 2026']::text[], ARRAY['Business model design', 'Impact measurement', 'Financial basics', 'Pitch workshop', 'Venture fair']::text[], ARRAY['lec-harlan-vey', 'lec-dita-coral']::text[]) ON CONFLICT DO NOTHING;
INSERT INTO courses (course_code, title, level, credits, duration, tuition_per_year, faculty_id, department_id, delivery_mode, short_description, full_description, prerequisites, intake_seasons, curriculum_outline, lecturers) VALUES ('BUS210', 'Impact Finance Modeling', 'Undergraduate', 4, 1, 19450, 'fac-bus', 'dept-finance-analytics', 'Hybrid', 'Teaches financial modeling for sustainable infrastructure investment.', 'Learners analyze cash flows, blended finance, and risk scenarios for equitable river projects.', ARRAY['BUS120']::text[], ARRAY['Spring 2026', 'Fall 2026']::text[], ARRAY['Financial modeling tools', 'Impact metrics', 'Risk assessment', 'Investor relations', 'Scenario planning']::text[], ARRAY['lec-oren-kaas', 'lec-siena-maddox']::text[]) ON CONFLICT DO NOTHING;
INSERT INTO courses (course_code, title, level, credits, duration, tuition_per_year, faculty_id, department_id, delivery_mode, short_description, full_description, prerequisites, intake_seasons, curriculum_outline, lecturers) VALUES ('BUS230', 'Civic Leadership Lab', 'Undergraduate', 3, 1, 18200, 'fac-bus', 'dept-public-leadership', 'On-campus', 'Immersive leadership development with civic agencies.', 'Students design community engagement plans, facilitate workshops, and evaluate leadership styles.', ARRAY[]::text[], ARRAY['Fall 2025', 'Spring 2027']::text[], ARRAY['Leadership frameworks', 'Community facilitation', 'Stakeholder mapping', 'Evaluation methods', 'Civic partnership showcase']::text[], ARRAY['lec-lucia-stone', 'lec-pavel-indra']::text[]) ON CONFLICT DO NOTHING;
INSERT INTO courses (course_code, title, level, credits, duration, tuition_per_year, faculty_id, department_id, delivery_mode, short_description, full_description, prerequisites, intake_seasons, curriculum_outline, lecturers) VALUES ('BUS260', 'River Tourism Management', 'Undergraduate', 3, 1, 18150, 'fac-bus', 'dept-hospitality', 'On-campus', 'Focuses on sustainable hospitality and tourism experiences.', 'Learners craft itineraries, manage operations, and integrate cultural storytelling for river destinations.', ARRAY['BUS120']::text[], ARRAY['Spring 2026', 'Summer 2026']::text[], ARRAY['Tour design', 'Hospitality operations', 'Cultural programming', 'Marketing lab', 'Guest experience assessment']::text[], ARRAY['lec-dita-coral', 'lec-siena-maddox']::text[]) ON CONFLICT DO NOTHING;
INSERT INTO courses (course_code, title, level, credits, duration, tuition_per_year, faculty_id, department_id, delivery_mode, short_description, full_description, prerequisites, intake_seasons, curriculum_outline, lecturers) VALUES ('BUS315', 'Social Innovation Studio', 'Masters', 5, 1, 21900, 'fac-bus', 'dept-sustainable-enterprise', 'Hybrid', 'Team-based studio developing scalable social enterprises.', 'Students partner with nonprofits to co-create solutions, test prototypes, and develop financial sustainability plans.', ARRAY['BUS120']::text[], ARRAY['Fall 2026', 'Spring 2027']::text[], ARRAY['Human-centered design', 'Prototype testing', 'Impact investment', 'Scaling strategies', 'Demo day']::text[], ARRAY['lec-harlan-vey', 'lec-pavel-indra']::text[]) ON CONFLICT DO NOTHING;
INSERT INTO courses (course_code, title, level, credits, duration, tuition_per_year, faculty_id, department_id, delivery_mode, short_description, full_description, prerequisites, intake_seasons, curriculum_outline, lecturers) VALUES ('BUS340', 'Supply Chain Strategies for Delta Regions', 'Masters', 4, 1, 22100, 'fac-bus', 'dept-finance-analytics', 'Hybrid', 'Analyzes logistics networks serving river delta economies.', 'Learners use simulation tools to design resilient supply chains for agriculture, manufacturing, and emergency response.', ARRAY['BUS210']::text[], ARRAY['Spring 2026', 'Fall 2027']::text[], ARRAY['Supply chain simulation', 'Risk pooling', 'Supplier partnerships', 'Carbon accounting', 'Response playbook']::text[], ARRAY['lec-oren-kaas', 'lec-lucia-stone']::text[]) ON CONFLICT DO NOTHING;
INSERT INTO courses (course_code, title, level, credits, duration, tuition_per_year, faculty_id, department_id, delivery_mode, short_description, full_description, prerequisites, intake_seasons, curriculum_outline, lecturers) VALUES ('BUS430', 'Strategic Water Policy', 'PhD', 5, 1, 24500, 'fac-bus', 'dept-public-leadership', 'Hybrid', 'Executive-level seminar bridging business, policy, and community goals.', 'Participants evaluate policy instruments, develop corporate water stewardship strategies, and advise fictional governments.', ARRAY['BUS340', 'LAW115']::text[], ARRAY['Fall 2026']::text[], ARRAY['Policy instruments', 'Corporate stewardship', 'Stakeholder negotiation', 'Legislative simulation', 'Strategic advisory brief']::text[], ARRAY['lec-harlan-vey', 'lec-oren-kaas']::text[]) ON CONFLICT DO NOTHING;
INSERT INTO courses (course_code, title, level, credits, duration, tuition_per_year, faculty_id, department_id, delivery_mode, short_description, full_description, prerequisites, intake_seasons, curriculum_outline, lecturers) VALUES ('MED110', 'Integrated Health Sciences', 'Undergraduate', 6, 2, 26800, 'fac-med', 'dept-medical-sciences', 'On-campus', 'Foundational biomedical sciences for medical trainees.', 'Students integrate anatomy, physiology, and pathology with river-related health case studies.', ARRAY[]::text[], ARRAY['Fall 2025']::text[], ARRAY['Integrated organ systems', 'Clinical correlations', 'Simulation labs', 'Team-based learning', 'Exam preparation']::text[], ARRAY['lec-selia-hadrin', 'lec-jade-marvik']::text[]) ON CONFLICT DO NOTHING;
INSERT INTO courses (course_code, title, level, credits, duration, tuition_per_year, faculty_id, department_id, delivery_mode, short_description, full_description, prerequisites, intake_seasons, curriculum_outline, lecturers) VALUES ('MED220', 'River Clinic Practicum', 'Masters', 5, 1, 27650, 'fac-med', 'dept-nursing', 'On-campus', 'Clinical rotation aboard mobile river health units.', 'Learners deliver care, conduct screenings, and coordinate telehealth consults for river settlements.', ARRAY['MED110']::text[], ARRAY['Spring 2026', 'Spring 2027']::text[], ARRAY['Community health assessments', 'Mobile clinic operations', 'Telehealth coordination', 'Interprofessional teamwork', 'Reflective practice']::text[], ARRAY['lec-taryn-ives', 'lec-olwen-pier']::text[]) ON CONFLICT DO NOTHING;
INSERT INTO courses (course_code, title, level, credits, duration, tuition_per_year, faculty_id, department_id, delivery_mode, short_description, full_description, prerequisites, intake_seasons, curriculum_outline, lecturers) VALUES ('MED250', 'Community Epidemiology', 'Masters', 4, 1, 27300, 'fac-med', 'dept-public-health', 'Hybrid', 'Investigates disease patterns linked to water quality and access.', 'Students conduct surveillance, analyze outbreaks, and propose interventions for vulnerable river populations.', ARRAY['MED110']::text[], ARRAY['Fall 2025', 'Fall 2026']::text[], ARRAY['Epidemiologic methods', 'Waterborne disease surveillance', 'Data visualization', 'Policy briefing', 'Community workshop']::text[], ARRAY['lec-idris-maven', 'lec-renalla-skye']::text[]) ON CONFLICT DO NOTHING;
INSERT INTO courses (course_code, title, level, credits, duration, tuition_per_year, faculty_id, department_id, delivery_mode, short_description, full_description, prerequisites, intake_seasons, curriculum_outline, lecturers) VALUES ('MED310', 'Advanced Nursing Simulation', 'Masters', 4, 1, 27900, 'fac-med', 'dept-nursing', 'On-campus', 'High-fidelity simulations covering emergency and chronic care scenarios.', 'Participants manage interdisciplinary teams, document care, and evaluate patient outcomes in immersive labs.', ARRAY['MED220']::text[], ARRAY['Fall 2026', 'Spring 2027']::text[], ARRAY['Simulation lab orientation', 'Acute care scenarios', 'Chronic care management', 'Debriefing strategies', 'Quality improvement plan']::text[], ARRAY['lec-taryn-ives', 'lec-jade-marvik']::text[]) ON CONFLICT DO NOTHING;
INSERT INTO courses (course_code, title, level, credits, duration, tuition_per_year, faculty_id, department_id, delivery_mode, short_description, full_description, prerequisites, intake_seasons, curriculum_outline, lecturers) VALUES ('MED330', 'Biomedical Device Design', 'Masters', 5, 1, 28600, 'fac-med', 'dept-biomedical-innovation', 'Hybrid', 'Interdisciplinary studio designing low-cost diagnostics.', 'Teams collaborate with engineers to prototype devices for remote health contexts and develop regulatory pathways.', ARRAY['MED250']::text[], ARRAY['Spring 2026', 'Fall 2026']::text[], ARRAY['Needs assessment', 'Prototype development', 'Clinical validation', 'Regulatory planning', 'Pitch to partners']::text[], ARRAY['lec-renalla-skye', 'lec-selia-hadrin']::text[]) ON CONFLICT DO NOTHING;
INSERT INTO courses (course_code, title, level, credits, duration, tuition_per_year, faculty_id, department_id, delivery_mode, short_description, full_description, prerequisites, intake_seasons, curriculum_outline, lecturers) VALUES ('MED360', 'Telehealth for Remote Communities', 'Masters', 4, 1, 27500, 'fac-med', 'dept-public-health', 'Online', 'Implements telehealth platforms to extend care across river regions.', 'Learners evaluate digital tools, design workflows, and measure impact of telehealth interventions.', ARRAY['MED220']::text[], ARRAY['Spring 2026', 'Spring 2027']::text[], ARRAY['Telehealth technologies', 'Workflow design', 'Data privacy', 'Patient engagement', 'Program evaluation']::text[], ARRAY['lec-olwen-pier', 'lec-idris-maven']::text[]) ON CONFLICT DO NOTHING;
INSERT INTO courses (course_code, title, level, credits, duration, tuition_per_year, faculty_id, department_id, delivery_mode, short_description, full_description, prerequisites, intake_seasons, curriculum_outline, lecturers) VALUES ('MED410', 'Clinical Diagnostics Seminar', 'PhD', 6, 2, 30100, 'fac-med', 'dept-medical-sciences', 'Hybrid', 'Doctoral seminar on complex diagnostics and personalized care.', 'Participants review advanced cases, integrate AI tools, and publish collaborative research briefs.', ARRAY['MED330']::text[], ARRAY['Fall 2026']::text[], ARRAY['Case conference', 'AI diagnostic tools', 'Research design', 'Peer manuscript review', 'Symposium presentation']::text[], ARRAY['lec-selia-hadrin', 'lec-idris-maven']::text[]) ON CONFLICT DO NOTHING;
INSERT INTO courses (course_code, title, level, credits, duration, tuition_per_year, faculty_id, department_id, delivery_mode, short_description, full_description, prerequisites, intake_seasons, curriculum_outline, lecturers) VALUES ('MED430', 'Public Health Leadership Residency', 'PhD', 6, 2, 30600, 'fac-med', 'dept-public-health', 'Hybrid', 'Residency program embedding students in health agencies.', 'Doctoral candidates lead projects on policy reform, resource allocation, and emergency preparedness.', ARRAY['MED250']::text[], ARRAY['Spring 2027']::text[], ARRAY['Agency immersion', 'Policy leadership', 'Crisis communication', 'Equity assessment', 'Residency report']::text[], ARRAY['lec-olwen-pier', 'lec-renalla-skye']::text[]) ON CONFLICT DO NOTHING;
INSERT INTO courses (course_code, title, level, credits, duration, tuition_per_year, faculty_id, department_id, delivery_mode, short_description, full_description, prerequisites, intake_seasons, curriculum_outline, lecturers) VALUES ('EDU105', 'Inclusive Curriculum Design', 'Undergraduate', 3, 1, 16700, 'fac-edu', 'dept-curriculum-innovation', 'Hybrid', 'Develops equitable curriculum frameworks for diverse classrooms.', 'Students co-create lesson plans with local schools, integrating river cultures and universal design principles.', ARRAY[]::text[], ARRAY['Fall 2025', 'Spring 2026']::text[], ARRAY['Curriculum frameworks', 'Universal design', 'Community co-design', 'Assessment alignment', 'Teaching portfolio']::text[], ARRAY['lec-jalen-sorrell', 'lec-ember-cho']::text[]) ON CONFLICT DO NOTHING;
INSERT INTO courses (course_code, title, level, credits, duration, tuition_per_year, faculty_id, department_id, delivery_mode, short_description, full_description, prerequisites, intake_seasons, curriculum_outline, lecturers) VALUES ('EDU210', 'Learning Analytics for Schools', 'Undergraduate', 3, 1, 17250, 'fac-edu', 'dept-curriculum-innovation', 'Online', 'Applies analytics to improve teaching and student outcomes.', 'Learners interpret dashboards, design interventions, and protect student data privacy.', ARRAY['EDU105']::text[], ARRAY['Spring 2026', 'Fall 2026']::text[], ARRAY['Data literacy', 'Dashboard design', 'Intervention planning', 'Ethics and privacy', 'School implementation plan']::text[], ARRAY['lec-kelan-mire', 'lec-jalen-sorrell']::text[]) ON CONFLICT DO NOTHING;
INSERT INTO courses (course_code, title, level, credits, duration, tuition_per_year, faculty_id, department_id, delivery_mode, short_description, full_description, prerequisites, intake_seasons, curriculum_outline, lecturers) VALUES ('EDU240', 'River Youth Counseling', 'Masters', 4, 1, 20800, 'fac-edu', 'dept-counseling', 'Hybrid', 'Prepares counselors to support youth navigating climate transitions.', 'Students practice counseling techniques, coordinate referrals, and design culturally responsive programming.', ARRAY['EDU105']::text[], ARRAY['Fall 2025', 'Spring 2027']::text[], ARRAY['Counseling frameworks', 'Crisis response', 'Family engagement', 'Program design', 'Capstone case study']::text[], ARRAY['lec-priya-sen', 'lec-ornella-tide']::text[]) ON CONFLICT DO NOTHING;
INSERT INTO courses (course_code, title, level, credits, duration, tuition_per_year, faculty_id, department_id, delivery_mode, short_description, full_description, prerequisites, intake_seasons, curriculum_outline, lecturers) VALUES ('EDU280', 'Outdoor Learning Pedagogy', 'Undergraduate', 3, 1, 16900, 'fac-edu', 'dept-curriculum-innovation', 'On-campus', 'Designs experiential learning programs along river habitats.', 'Participants plan outdoor curricula, assess safety, and integrate STEM storytelling.', ARRAY[]::text[], ARRAY['Summer 2026']::text[], ARRAY['Place-based pedagogy', 'Risk management', 'STEM storytelling', 'Assessment in the field', 'Reflection showcase']::text[], ARRAY['lec-ember-cho', 'lec-kelan-mire']::text[]) ON CONFLICT DO NOTHING;
INSERT INTO courses (course_code, title, level, credits, duration, tuition_per_year, faculty_id, department_id, delivery_mode, short_description, full_description, prerequisites, intake_seasons, curriculum_outline, lecturers) VALUES ('EDU320', 'Leadership for Principals', 'Masters', 5, 1, 21400, 'fac-edu', 'dept-educational-leadership', 'Hybrid', 'Prepares aspiring principals for transformational leadership.', 'Students develop strategic plans, manage budgets, and lead inclusive school communities.', ARRAY['EDU210']::text[], ARRAY['Fall 2026', 'Spring 2027']::text[], ARRAY['Strategic planning', 'Budget stewardship', 'Instructional leadership', 'Community partnerships', 'Leadership practicum']::text[], ARRAY['lec-malek-vass', 'lec-jalen-sorrell']::text[]) ON CONFLICT DO NOTHING;
INSERT INTO courses (course_code, title, level, credits, duration, tuition_per_year, faculty_id, department_id, delivery_mode, short_description, full_description, prerequisites, intake_seasons, curriculum_outline, lecturers) VALUES ('EDU350', 'Student Wellness Practicum', 'Masters', 4, 1, 21050, 'fac-edu', 'dept-counseling', 'On-campus', 'Applies counseling strategies in school wellness centers.', 'Learners provide supervised counseling, coordinate services, and evaluate program outcomes.', ARRAY['EDU240']::text[], ARRAY['Spring 2026', 'Fall 2026']::text[], ARRAY['Counseling practicum', 'Data-informed wellness', 'Intervention cycles', 'Family partnerships', 'Professional portfolio']::text[], ARRAY['lec-priya-sen', 'lec-ornella-tide']::text[]) ON CONFLICT DO NOTHING;
INSERT INTO courses (course_code, title, level, credits, duration, tuition_per_year, faculty_id, department_id, delivery_mode, short_description, full_description, prerequisites, intake_seasons, curriculum_outline, lecturers) VALUES ('EDU410', 'Educational Policy Analysis', 'PhD', 6, 2, 23600, 'fac-edu', 'dept-educational-leadership', 'Hybrid', 'Doctoral seminar on policy design and evaluation for river regions.', 'Students conduct policy research, brief stakeholders, and publish recommendations on equitable schooling.', ARRAY['EDU320']::text[], ARRAY['Fall 2026']::text[], ARRAY['Policy research methods', 'Comparative policy', 'Stakeholder dialogues', 'Manuscript development', 'Policy summit']::text[], ARRAY['lec-malek-vass', 'lec-ember-cho']::text[]) ON CONFLICT DO NOTHING;
INSERT INTO courses (course_code, title, level, credits, duration, tuition_per_year, faculty_id, department_id, delivery_mode, short_description, full_description, prerequisites, intake_seasons, curriculum_outline, lecturers) VALUES ('LAW115', 'Foundations of Water Law', 'Undergraduate', 4, 1, 21100, 'fac-law', 'dept-water-law', 'On-campus', 'Introduces water rights, allocation frameworks, and legal history.', 'Students analyze riparian doctrines, case law, and international treaties shaping river governance.', ARRAY[]::text[], ARRAY['Fall 2025', 'Spring 2026']::text[], ARRAY['Water law history', 'Riparian vs. prior appropriation', 'Case study analysis', 'International agreements', 'Negotiation simulation']::text[], ARRAY['lec-ayra-tomel', 'lec-hugo-vale']::text[]) ON CONFLICT DO NOTHING;
INSERT INTO courses (course_code, title, level, credits, duration, tuition_per_year, faculty_id, department_id, delivery_mode, short_description, full_description, prerequisites, intake_seasons, curriculum_outline, lecturers) VALUES ('LAW205', 'Community Advocacy Workshop', 'Undergraduate', 3, 1, 21450, 'fac-law', 'dept-civic-justice', 'On-campus', 'Equips students with advocacy skills for community-based legal projects.', 'Teams work with river neighborhoods to co-develop legal strategies addressing housing and environmental challenges.', ARRAY['LAW115']::text[], ARRAY['Spring 2026', 'Fall 2026']::text[], ARRAY['Advocacy ethics', 'Community legal clinics', 'Policy drafting', 'Media engagement', 'Advocacy showcase']::text[], ARRAY['lec-fen-malik', 'lec-lina-crest']::text[]) ON CONFLICT DO NOTHING;
INSERT INTO courses (course_code, title, level, credits, duration, tuition_per_year, faculty_id, department_id, delivery_mode, short_description, full_description, prerequisites, intake_seasons, curriculum_outline, lecturers) VALUES ('LAW230', 'Indigenous Sovereignty Law', 'Masters', 4, 1, 23800, 'fac-law', 'dept-indigenous-rights', 'Hybrid', 'Examines sovereignty, treaty law, and indigenous water rights.', 'Students work alongside tribal legal teams to analyze treaties, develop briefs, and propose restorative policies.', ARRAY['LAW115']::text[], ARRAY['Fall 2026', 'Spring 2027']::text[], ARRAY['Treaty analysis', 'Comparative sovereignty', 'Community consultation', 'Policy drafting', 'Restorative justice plan']::text[], ARRAY['lec-shira-omak', 'lec-riven-claude']::text[]) ON CONFLICT DO NOTHING;
INSERT INTO courses (course_code, title, level, credits, duration, tuition_per_year, faculty_id, department_id, delivery_mode, short_description, full_description, prerequisites, intake_seasons, curriculum_outline, lecturers) VALUES ('LAW260', 'Environmental Justice Clinic', 'Masters', 5, 1, 24050, 'fac-law', 'dept-civic-justice', 'On-campus', 'Clinical course supporting communities facing environmental inequities.', 'Students litigate mock cases, craft policy recommendations, and coordinate with scientists.', ARRAY['LAW205']::text[], ARRAY['Spring 2027']::text[], ARRAY['Clinic orientation', 'Case strategy', 'Expert testimony', 'Community hearings', 'Settlement negotiation']::text[], ARRAY['lec-fen-malik', 'lec-ayra-tomel']::text[]) ON CONFLICT DO NOTHING;
INSERT INTO courses (course_code, title, level, credits, duration, tuition_per_year, faculty_id, department_id, delivery_mode, short_description, full_description, prerequisites, intake_seasons, curriculum_outline, lecturers) VALUES ('LAW310', 'River Negotiation Strategies', 'Masters', 4, 1, 23600, 'fac-law', 'dept-water-law', 'Hybrid', 'Advanced seminar on multi-party negotiation for river resources.', 'Learners deploy scenario planning, facilitate dialogues, and draft compacts balancing stakeholders.', ARRAY['LAW205']::text[], ARRAY['Fall 2026', 'Fall 2027']::text[], ARRAY['Negotiation theory', 'Stakeholder mapping', 'Scenario simulation', 'Agreement drafting', 'Debrief and reflection']::text[], ARRAY['lec-riven-claude', 'lec-hugo-vale']::text[]) ON CONFLICT DO NOTHING;
INSERT INTO courses (course_code, title, level, credits, duration, tuition_per_year, faculty_id, department_id, delivery_mode, short_description, full_description, prerequisites, intake_seasons, curriculum_outline, lecturers) VALUES ('LAW340', 'Maritime Regulation and Trade', 'Masters', 4, 1, 23300, 'fac-law', 'dept-water-law', 'On-campus', 'Analyzes maritime law, shipping compliance, and port governance.', 'Students interpret international codes, advise fictional port authorities, and develop compliance programs.', ARRAY['LAW115']::text[], ARRAY['Spring 2026', 'Spring 2027']::text[], ARRAY['International maritime codes', 'Port compliance', 'Trade agreements', 'Risk assessment', 'Compliance audit']::text[], ARRAY['lec-lina-crest', 'lec-ayra-tomel']::text[]) ON CONFLICT DO NOTHING;
INSERT INTO courses (course_code, title, level, credits, duration, tuition_per_year, faculty_id, department_id, delivery_mode, short_description, full_description, prerequisites, intake_seasons, curriculum_outline, lecturers) VALUES ('LAW410', 'Comparative River Governance', 'PhD', 6, 2, 25900, 'fac-law', 'dept-indigenous-rights', 'Hybrid', 'Doctoral seminar comparing governance models across global rivers.', 'Participants analyze legal, cultural, and economic dimensions, producing policy white papers for fictional governments.', ARRAY['LAW310']::text[], ARRAY['Fall 2026']::text[], ARRAY['Comparative governance', 'Equity indicators', 'Case study research', 'Policy white paper', 'Global symposium']::text[], ARRAY['lec-shira-omak', 'lec-fen-malik']::text[]) ON CONFLICT DO NOTHING;
INSERT INTO courses (course_code, title, level, credits, duration, tuition_per_year, faculty_id, department_id, delivery_mode, short_description, full_description, prerequisites, intake_seasons, curriculum_outline, lecturers) VALUES ('CSC120', 'Programming for River Systems', 'Undergraduate', 4, 1, 18800, 'fac-comp', 'dept-ai-systems', 'Hybrid', 'Introduces programming with projects focused on sensor and data integration.', 'Students build data pipelines, interface with sensors, and visualize outputs for water monitoring.', ARRAY[]::text[], ARRAY['Fall 2025', 'Spring 2026']::text[], ARRAY['Python essentials', 'Sensor integration', 'Data cleaning', 'Visualization lab', 'Project sprint']::text[], ARRAY['lec-kaede-lum', 'lec-eden-martel']::text[]) ON CONFLICT DO NOTHING;
INSERT INTO courses (course_code, title, level, credits, duration, tuition_per_year, faculty_id, department_id, delivery_mode, short_description, full_description, prerequisites, intake_seasons, curriculum_outline, lecturers) VALUES ('CSC210', 'Data Visualization Studio', 'Undergraduate', 4, 1, 19300, 'fac-comp', 'dept-data-analytics', 'Hybrid', 'Designs compelling data stories for civic audiences.', 'Students create dashboards, interactive maps, and narrative reports for river policy teams.', ARRAY['CSC120']::text[], ARRAY['Spring 2026', 'Fall 2026']::text[], ARRAY['Design principles', 'Geospatial visualization', 'Narrative dashboards', 'User testing', 'Public presentation']::text[], ARRAY['lec-rion-keats', 'lec-eden-martel']::text[]) ON CONFLICT DO NOTHING;
INSERT INTO courses (course_code, title, level, credits, duration, tuition_per_year, faculty_id, department_id, delivery_mode, short_description, full_description, prerequisites, intake_seasons, curriculum_outline, lecturers) VALUES ('CSC230', 'Machine Learning for Climate', 'Masters', 5, 1, 22800, 'fac-comp', 'dept-ai-systems', 'Hybrid', 'Applies machine learning to climate resilience challenges.', 'Learners build predictive models for flooding, heat islands, and water quality using open datasets.', ARRAY['CSC210']::text[], ARRAY['Fall 2026', 'Spring 2027']::text[], ARRAY['Data preprocessing', 'Model architectures', 'Bias mitigation', 'Scenario evaluation', 'Model deployment']::text[], ARRAY['lec-kaede-lum', 'lec-zoe-quinn']::text[]) ON CONFLICT DO NOTHING;
INSERT INTO courses (course_code, title, level, credits, duration, tuition_per_year, faculty_id, department_id, delivery_mode, short_description, full_description, prerequisites, intake_seasons, curriculum_outline, lecturers) VALUES ('CSC260', 'Cybersecurity Foundations', 'Undergraduate', 4, 1, 19100, 'fac-comp', 'dept-cybersecurity', 'On-campus', 'Covers fundamentals of securing critical digital infrastructure.', 'Students analyze threat models, configure defenses, and practice incident response for water utilities.', ARRAY[]::text[], ARRAY['Fall 2025', 'Spring 2026']::text[], ARRAY['Security principles', 'Network defense', 'Threat detection', 'Incident response', 'Resilience planning']::text[], ARRAY['lec-juniper-varek', 'lec-zoe-quinn']::text[]) ON CONFLICT DO NOTHING;
INSERT INTO courses (course_code, title, level, credits, duration, tuition_per_year, faculty_id, department_id, delivery_mode, short_description, full_description, prerequisites, intake_seasons, curriculum_outline, lecturers) VALUES ('CSC310', 'Smart Mobility Analytics', 'Masters', 4, 1, 23000, 'fac-comp', 'dept-data-analytics', 'Hybrid', 'Applies data science to mobility networks and autonomous systems.', 'Students ingest transit data, optimize routes, and prototype decision tools for multimodal mobility.', ARRAY['CSC210']::text[], ARRAY['Spring 2027']::text[], ARRAY['Mobility datasets', 'Optimization', 'Simulation', 'User dashboard', 'Stakeholder briefing']::text[], ARRAY['lec-rion-keats', 'lec-eden-martel']::text[]) ON CONFLICT DO NOTHING;
INSERT INTO courses (course_code, title, level, credits, duration, tuition_per_year, faculty_id, department_id, delivery_mode, short_description, full_description, prerequisites, intake_seasons, curriculum_outline, lecturers) VALUES ('CSC330', 'AI Ethics for Civic Systems', 'Masters', 4, 1, 22300, 'fac-comp', 'dept-ai-systems', 'Hybrid', 'Examines ethical frameworks and governance for civic AI deployments.', 'Learners critique algorithmic systems, draft governance charters, and facilitate community dialogues.', ARRAY['CSC230']::text[], ARRAY['Fall 2026', 'Fall 2027']::text[], ARRAY['Ethical frameworks', 'Impact assessment', 'Governance design', 'Community engagement', 'Ethics review board simulation']::text[], ARRAY['lec-juniper-varek', 'lec-kaede-lum']::text[]) ON CONFLICT DO NOTHING;
INSERT INTO courses (course_code, title, level, credits, duration, tuition_per_year, faculty_id, department_id, delivery_mode, short_description, full_description, prerequisites, intake_seasons, curriculum_outline, lecturers) VALUES ('CSC350', 'Immersive Interface Design', 'Masters', 5, 1, 22750, 'fac-comp', 'dept-interactive-media', 'On-campus', 'Designs AR/VR interfaces for education and urban planning.', 'Students prototype immersive experiences, evaluate usability, and integrate data overlays for stakeholders.', ARRAY['CSC210']::text[], ARRAY['Spring 2026', 'Spring 2027']::text[], ARRAY['Immersive design principles', 'Interaction prototyping', 'Usability evaluation', 'Spatial data integration', 'Client showcase']::text[], ARRAY['lec-lysa-corvin', 'lec-zoe-quinn']::text[]) ON CONFLICT DO NOTHING;
INSERT INTO courses (course_code, title, level, credits, duration, tuition_per_year, faculty_id, department_id, delivery_mode, short_description, full_description, prerequisites, intake_seasons, curriculum_outline, lecturers) VALUES ('CSC410', 'Advanced Privacy Engineering', 'PhD', 6, 2, 24800, 'fac-comp', 'dept-cybersecurity', 'Hybrid', 'Doctoral-level exploration of privacy-preserving data systems.', 'Participants design privacy architectures, implement differential privacy, and conduct audits for civic datasets.', ARRAY['CSC330', 'CSC260']::text[], ARRAY['Fall 2026']::text[], ARRAY['Privacy architectures', 'Differential privacy', 'Audit design', 'Policy alignment', 'Doctoral colloquium']::text[], ARRAY['lec-juniper-varek', 'lec-eden-martel']::text[]) ON CONFLICT DO NOTHING;
INSERT INTO lecturers (id, full_name, title, email, phone, office, departments, research_areas) VALUES ('lec-joran-albright', 'Professor Joran Albright', 'Professor', 'joran.albright@brillaracademy.example', '+0004102100', 'Engineering Pavilion 310', ARRAY['dept-civ-structures']::text[], ARRAY['Adaptive bridge design', 'Hydrodynamic modeling', 'Community co-design']::text[]) ON CONFLICT DO NOTHING;
INSERT INTO lecturers (id, full_name, title, email, phone, office, departments, research_areas) VALUES ('lec-evan-stroud', 'Dr. Evan Stroud', 'Associate Professor', 'evan.stroud@brillaracademy.example', '+0004102101', 'Engineering Pavilion 215', ARRAY['dept-civ-structures', 'dept-river-transport']::text[], ARRAY['Passenger-centered design', 'Structural monitoring', 'River ferry systems']::text[]) ON CONFLICT DO NOTHING;
INSERT INTO lecturers (id, full_name, title, email, phone, office, departments, research_areas) VALUES ('lec-samira-quell', 'Professor Samira Quell', 'Professor', 'samira.quell@brillaracademy.example', '+0004102102', 'Hydro Systems Lab 122', ARRAY['dept-env-systems']::text[], ARRAY['Circular water economies', 'Wastewater recovery', 'Sensor integration']::text[]) ON CONFLICT DO NOTHING;
INSERT INTO lecturers (id, full_name, title, email, phone, office, departments, research_areas) VALUES ('lec-theron-blake', 'Dr. Theron Blake', 'Associate Professor', 'theron.blake@brillaracademy.example', '+0004102103', 'Engineering Pavilion 404', ARRAY['dept-env-systems', 'dept-mech-automation']::text[], ARRAY['Robotic fabrication', 'Composite materials', 'Emergency infrastructure']::text[]) ON CONFLICT DO NOTHING;
INSERT INTO lecturers (id, full_name, title, email, phone, office, departments, research_areas) VALUES ('lec-kyra-hollin', 'Professor Kyra Hollin', 'Professor', 'kyra.hollin@brillaracademy.example', '+0004102104', 'Mechanical Systems Center 210', ARRAY['dept-mech-automation']::text[], ARRAY['Advanced composites', 'Automation ethics', 'Circular manufacturing']::text[]) ON CONFLICT DO NOTHING;
INSERT INTO lecturers (id, full_name, title, email, phone, office, departments, research_areas) VALUES ('lec-livia-merat', 'Dr. Livia Merat', 'Senior Lecturer', 'livia.merat@brillaracademy.example', '+0004102105', 'Mobility Studio 118', ARRAY['dept-river-transport']::text[], ARRAY['Mobility equity', 'Transit analytics', 'Passenger experience']::text[]) ON CONFLICT DO NOTHING;
INSERT INTO lecturers (id, full_name, title, email, phone, office, departments, research_areas) VALUES ('lec-nivaan-sage', 'Professor Nivaan Sage', 'Professor', 'nivaan.sage@brillaracademy.example', '+0004202200', 'Science Commons 210', ARRAY['dept-marine-biology', 'dept-earth-hydro']::text[], ARRAY['Estuary ecology', 'Sediment resilience', 'Community science']::text[]) ON CONFLICT DO NOTHING;
INSERT INTO lecturers (id, full_name, title, email, phone, office, departments, research_areas) VALUES ('lec-elara-mott', 'Dr. Elara Mott', 'Associate Professor', 'elara.mott@brillaracademy.example', '+0004202201', 'Chemistry Hall 330', ARRAY['dept-chemistry-materials', 'dept-earth-hydro']::text[], ARRAY['Environmental analytics', 'Climate resilience', 'Water chemistry']::text[]) ON CONFLICT DO NOTHING;
INSERT INTO lecturers (id, full_name, title, email, phone, office, departments, research_areas) VALUES ('lec-darius-pell', 'Professor Darius Pell', 'Professor', 'darius.pell@brillaracademy.example', '+0004202202', 'Physics Observatory 201', ARRAY['dept-physics-astral']::text[], ARRAY['Atmospheric optics', 'Quantum sensing', 'Remote observation']::text[]) ON CONFLICT DO NOTHING;
INSERT INTO lecturers (id, full_name, title, email, phone, office, departments, research_areas) VALUES ('lec-meera-senai', 'Dr. Meera Senai', 'Associate Professor', 'meera.senai@brillaracademy.example', '+0004202203', 'Life Sciences Wing 122', ARRAY['dept-marine-biology']::text[], ARRAY['Coastal genomics', 'Community partnerships', 'Conservation planning']::text[]) ON CONFLICT DO NOTHING;
INSERT INTO lecturers (id, full_name, title, email, phone, office, departments, research_areas) VALUES ('lec-cassian-root', 'Professor Cassian Root', 'Professor', 'cassian.root@brillaracademy.example', '+0004202204', 'Hydro Analytics 410', ARRAY['dept-chemistry-materials', 'dept-earth-hydro']::text[], ARRAY['Hydrologic modeling', 'Data fusion', 'Sensor design']::text[]) ON CONFLICT DO NOTHING;
INSERT INTO lecturers (id, full_name, title, email, phone, office, departments, research_areas) VALUES ('lec-yvette-ormond', 'Dr. Yvette Ormond', 'Senior Lecturer', 'yvette.ormond@brillaracademy.example', '+0004202205', 'Science Commons 118', ARRAY['dept-physics-astral', 'dept-marine-biology']::text[], ARRAY['Environmental sensing', 'Climate communication', 'Student research']::text[]) ON CONFLICT DO NOTHING;
INSERT INTO lecturers (id, full_name, title, email, phone, office, departments, research_areas) VALUES ('lec-nyla-rivers', 'Professor Nyla Rivers', 'Professor', 'nyla.rivers@brillaracademy.example', '+0004302300', 'Creative Studios 210', ARRAY['dept-river-arts']::text[], ARRAY['Public art', 'Community storytelling', 'Visual ethnography']::text[]) ON CONFLICT DO NOTHING;
INSERT INTO lecturers (id, full_name, title, email, phone, office, departments, research_areas) VALUES ('lec-marin-cole', 'Dr. Marin Cole', 'Associate Professor', 'marin.cole@brillaracademy.example', '+0004302301', 'Creative Studios 118', ARRAY['dept-river-arts', 'dept-history-heritage']::text[], ARRAY['River heritage', 'Illustration', 'Digital archives']::text[]) ON CONFLICT DO NOTHING;
INSERT INTO lecturers (id, full_name, title, email, phone, office, departments, research_areas) VALUES ('lec-sorin-pax', 'Professor Sorin Pax', 'Professor', 'sorin.pax@brillaracademy.example', '+0004302302', 'Heritage Commons 210', ARRAY['dept-history-heritage', 'dept-media-narratives']::text[], ARRAY['Documentary media', 'Community archives', 'Story design']::text[]) ON CONFLICT DO NOTHING;
INSERT INTO lecturers (id, full_name, title, email, phone, office, departments, research_areas) VALUES ('lec-adela-voss', 'Dr. Adela Voss', 'Associate Professor', 'adela.voss@brillaracademy.example', '+0004302303', 'Heritage Commons 115', ARRAY['dept-history-heritage']::text[], ARRAY['Cultural preservation', 'Exhibit design', 'Community partnerships']::text[]) ON CONFLICT DO NOTHING;
INSERT INTO lecturers (id, full_name, title, email, phone, office, departments, research_areas) VALUES ('lec-oma-lir', 'Professor Oma Lir', 'Professor', 'oma.lir@brillaracademy.example', '+0004302304', 'Language Center 202', ARRAY['dept-linguistics', 'dept-media-narratives']::text[], ARRAY['Translation studies', 'Immersive media', 'Oral histories']::text[]) ON CONFLICT DO NOTHING;
INSERT INTO lecturers (id, full_name, title, email, phone, office, departments, research_areas) VALUES ('lec-jasper-wyn', 'Dr. Jasper Wyn', 'Senior Lecturer', 'jasper.wyn@brillaracademy.example', '+0004302305', 'Language Center 118', ARRAY['dept-linguistics', 'dept-media-narratives']::text[], ARRAY['Narrative design', 'Community translation', 'Immersive storytelling']::text[]) ON CONFLICT DO NOTHING;
INSERT INTO lecturers (id, full_name, title, email, phone, office, departments, research_areas) VALUES ('lec-harlan-vey', 'Professor Harlan Vey', 'Professor', 'harlan.vey@brillaracademy.example', '+0004402400', 'Business Nexus 305', ARRAY['dept-sustainable-enterprise', 'dept-public-leadership']::text[], ARRAY['Sustainable entrepreneurship', 'Impact investing', 'Corporate stewardship']::text[]) ON CONFLICT DO NOTHING;
INSERT INTO lecturers (id, full_name, title, email, phone, office, departments, research_areas) VALUES ('lec-dita-coral', 'Dr. Dita Coral', 'Associate Professor', 'dita.coral@brillaracademy.example', '+0004402401', 'Business Nexus 212', ARRAY['dept-sustainable-enterprise', 'dept-hospitality']::text[], ARRAY['Sustainable hospitality', 'Service design', 'Community entrepreneurship']::text[]) ON CONFLICT DO NOTHING;
INSERT INTO lecturers (id, full_name, title, email, phone, office, departments, research_areas) VALUES ('lec-oren-kaas', 'Professor Oren Kaas', 'Professor', 'oren.kaas@brillaracademy.example', '+0004402402', 'Analytics Studio 110', ARRAY['dept-finance-analytics']::text[], ARRAY['Impact finance', 'Supply chain analytics', 'Scenario planning']::text[]) ON CONFLICT DO NOTHING;
INSERT INTO lecturers (id, full_name, title, email, phone, office, departments, research_areas) VALUES ('lec-lucia-stone', 'Dr. Lucia Stone', 'Associate Professor', 'lucia.stone@brillaracademy.example', '+0004402403', 'Business Nexus 220', ARRAY['dept-public-leadership', 'dept-finance-analytics']::text[], ARRAY['Civic leadership', 'Budget innovation', 'Stakeholder engagement']::text[]) ON CONFLICT DO NOTHING;
INSERT INTO lecturers (id, full_name, title, email, phone, office, departments, research_areas) VALUES ('lec-pavel-indra', 'Professor Pavel Indra', 'Professor', 'pavel.indra@brillaracademy.example', '+0004402404', 'Leadership Studio 118', ARRAY['dept-public-leadership']::text[], ARRAY['Systems leadership', 'Community facilitation', 'Policy innovation']::text[]) ON CONFLICT DO NOTHING;
INSERT INTO lecturers (id, full_name, title, email, phone, office, departments, research_areas) VALUES ('lec-siena-maddox', 'Dr. Siena Maddox', 'Senior Lecturer', 'siena.maddox@brillaracademy.example', '+0004402405', 'Analytics Studio 214', ARRAY['dept-finance-analytics', 'dept-hospitality']::text[], ARRAY['Revenue strategy', 'Guest analytics', 'Market storytelling']::text[]) ON CONFLICT DO NOTHING;
INSERT INTO lecturers (id, full_name, title, email, phone, office, departments, research_areas) VALUES ('lec-selia-hadrin', 'Professor Selia Hadrin', 'Professor', 'selia.hadrin@brillaracademy.example', '+0004502500', 'Health Sciences Tower 402', ARRAY['dept-medical-sciences', 'dept-biomedical-innovation']::text[], ARRAY['Biomedical sciences', 'Diagnostic design', 'Medical education']::text[]) ON CONFLICT DO NOTHING;
INSERT INTO lecturers (id, full_name, title, email, phone, office, departments, research_areas) VALUES ('lec-jade-marvik', 'Dr. Jade Marvik', 'Associate Professor', 'jade.marvik@brillaracademy.example', '+0004502501', 'Simulation Center 210', ARRAY['dept-medical-sciences', 'dept-nursing']::text[], ARRAY['Simulation pedagogy', 'Clinical teamwork', 'Telehealth training']::text[]) ON CONFLICT DO NOTHING;
INSERT INTO lecturers (id, full_name, title, email, phone, office, departments, research_areas) VALUES ('lec-taryn-ives', 'Professor Taryn Ives', 'Professor', 'taryn.ives@brillaracademy.example', '+0004502502', 'Nursing Pavilion 305', ARRAY['dept-nursing']::text[], ARRAY['Community nursing', 'Mobile health', 'Interprofessional practice']::text[]) ON CONFLICT DO NOTHING;
INSERT INTO lecturers (id, full_name, title, email, phone, office, departments, research_areas) VALUES ('lec-idris-maven', 'Dr. Idris Maven', 'Associate Professor', 'idris.maven@brillaracademy.example', '+0004502503', 'Public Health Center 220', ARRAY['dept-public-health']::text[], ARRAY['Epidemiology', 'Telehealth', 'Health equity']::text[]) ON CONFLICT DO NOTHING;
INSERT INTO lecturers (id, full_name, title, email, phone, office, departments, research_areas) VALUES ('lec-renalla-skye', 'Professor Renalla Skye', 'Professor', 'renalla.skye@brillaracademy.example', '+0004502504', 'Innovation Annex 118', ARRAY['dept-biomedical-innovation', 'dept-public-health']::text[], ARRAY['Medical devices', 'Participatory design', 'Public health technology']::text[]) ON CONFLICT DO NOTHING;
INSERT INTO lecturers (id, full_name, title, email, phone, office, departments, research_areas) VALUES ('lec-olwen-pier', 'Dr. Olwen Pier', 'Associate Professor', 'olwen.pier@brillaracademy.example', '+0004502505', 'Telehealth Hub 210', ARRAY['dept-public-health', 'dept-nursing']::text[], ARRAY['Telehealth operations', 'Community partnerships', 'Digital equity']::text[]) ON CONFLICT DO NOTHING;
INSERT INTO lecturers (id, full_name, title, email, phone, office, departments, research_areas) VALUES ('lec-jalen-sorrell', 'Professor Jalen Sorrell', 'Professor', 'jalen.sorrell@brillaracademy.example', '+0004602600', 'Education Hall 310', ARRAY['dept-curriculum-innovation', 'dept-educational-leadership']::text[], ARRAY['Curriculum innovation', 'Leadership coaching', 'Design justice']::text[]) ON CONFLICT DO NOTHING;
INSERT INTO lecturers (id, full_name, title, email, phone, office, departments, research_areas) VALUES ('lec-ember-cho', 'Dr. Ember Cho', 'Associate Professor', 'ember.cho@brillaracademy.example', '+0004602601', 'Education Hall 214', ARRAY['dept-curriculum-innovation', 'dept-educational-leadership']::text[], ARRAY['Outdoor pedagogy', 'Teacher development', 'Learning analytics']::text[]) ON CONFLICT DO NOTHING;
INSERT INTO lecturers (id, full_name, title, email, phone, office, departments, research_areas) VALUES ('lec-kelan-mire', 'Professor Kelan Mire', 'Professor', 'kelan.mire@brillaracademy.example', '+0004602602', 'Learning Lab 120', ARRAY['dept-curriculum-innovation']::text[], ARRAY['Learning analytics', 'School improvement', 'Data storytelling']::text[]) ON CONFLICT DO NOTHING;
INSERT INTO lecturers (id, full_name, title, email, phone, office, departments, research_areas) VALUES ('lec-priya-sen', 'Dr. Priya Sen', 'Associate Professor', 'priya.sen@brillaracademy.example', '+0004602603', 'Counseling Suite 210', ARRAY['dept-counseling']::text[], ARRAY['Youth counseling', 'Wellness design', 'Trauma-informed practice']::text[]) ON CONFLICT DO NOTHING;
INSERT INTO lecturers (id, full_name, title, email, phone, office, departments, research_areas) VALUES ('lec-ornella-tide', 'Professor Ornella Tide', 'Professor', 'ornella.tide@brillaracademy.example', '+0004602604', 'Counseling Suite 118', ARRAY['dept-counseling']::text[], ARRAY['Student wellness', 'Community partnerships', 'Program evaluation']::text[]) ON CONFLICT DO NOTHING;
INSERT INTO lecturers (id, full_name, title, email, phone, office, departments, research_areas) VALUES ('lec-malek-vass', 'Dr. Malek Vass', 'Associate Professor', 'malek.vass@brillaracademy.example', '+0004602605', 'Leadership Studio 204', ARRAY['dept-educational-leadership']::text[], ARRAY['School leadership', 'Equity strategy', 'Organizational learning']::text[]) ON CONFLICT DO NOTHING;
INSERT INTO lecturers (id, full_name, title, email, phone, office, departments, research_areas) VALUES ('lec-ayra-tomel', 'Professor Ayra Tomel', 'Professor', 'ayra.tomel@brillaracademy.example', '+0004702700', 'Law Center 310', ARRAY['dept-water-law', 'dept-civic-justice']::text[], ARRAY['Water rights', 'Environmental justice', 'Regulatory reform']::text[]) ON CONFLICT DO NOTHING;
INSERT INTO lecturers (id, full_name, title, email, phone, office, departments, research_areas) VALUES ('lec-fen-malik', 'Dr. Fen Malik', 'Associate Professor', 'fen.malik@brillaracademy.example', '+0004702701', 'Law Center 220', ARRAY['dept-civic-justice', 'dept-indigenous-rights']::text[], ARRAY['Restorative justice', 'Community advocacy', 'Sovereignty law']::text[]) ON CONFLICT DO NOTHING;
INSERT INTO lecturers (id, full_name, title, email, phone, office, departments, research_areas) VALUES ('lec-shira-omak', 'Professor Shira Omak', 'Professor', 'shira.omak@brillaracademy.example', '+0004702702', 'Law Center 118', ARRAY['dept-indigenous-rights']::text[], ARRAY['Treaty law', 'Cultural stewardship', 'Indigenous governance']::text[]) ON CONFLICT DO NOTHING;
INSERT INTO lecturers (id, full_name, title, email, phone, office, departments, research_areas) VALUES ('lec-riven-claude', 'Dr. Riven Claude', 'Associate Professor', 'riven.claude@brillaracademy.example', '+0004702703', 'Law Center 214', ARRAY['dept-indigenous-rights', 'dept-water-law']::text[], ARRAY['Negotiation', 'Policy design', 'Intergovernmental cooperation']::text[]) ON CONFLICT DO NOTHING;
INSERT INTO lecturers (id, full_name, title, email, phone, office, departments, research_areas) VALUES ('lec-lina-crest', 'Professor Lina Crest', 'Professor', 'lina.crest@brillaracademy.example', '+0004702704', 'Law Center 208', ARRAY['dept-civic-justice', 'dept-water-law']::text[], ARRAY['Maritime law', 'Community advocacy', 'Port governance']::text[]) ON CONFLICT DO NOTHING;
INSERT INTO lecturers (id, full_name, title, email, phone, office, departments, research_areas) VALUES ('lec-hugo-vale', 'Dr. Hugo Vale', 'Associate Professor', 'hugo.vale@brillaracademy.example', '+0004702705', 'Law Center 120', ARRAY['dept-water-law']::text[], ARRAY['Comparative law', 'Maritime regulation', 'Legal analytics']::text[]) ON CONFLICT DO NOTHING;
INSERT INTO lecturers (id, full_name, title, email, phone, office, departments, research_areas) VALUES ('lec-kaede-lum', 'Professor Kaede Lum', 'Professor', 'kaede.lum@brillaracademy.example', '+0004802800', 'Computing Hub 310', ARRAY['dept-ai-systems']::text[], ARRAY['Machine learning', 'AI ethics', 'Climate analytics']::text[]) ON CONFLICT DO NOTHING;
INSERT INTO lecturers (id, full_name, title, email, phone, office, departments, research_areas) VALUES ('lec-rion-keats', 'Dr. Rion Keats', 'Associate Professor', 'rion.keats@brillaracademy.example', '+0004802801', 'Data Studio 205', ARRAY['dept-data-analytics']::text[], ARRAY['Data visualization', 'Mobility analytics', 'Open data']::text[]) ON CONFLICT DO NOTHING;
INSERT INTO lecturers (id, full_name, title, email, phone, office, departments, research_areas) VALUES ('lec-juniper-varek', 'Professor Juniper Varek', 'Professor', 'juniper.varek@brillaracademy.example', '+0004802802', 'Cyber Defense Lab 118', ARRAY['dept-cybersecurity', 'dept-ai-systems']::text[], ARRAY['Cybersecurity', 'Privacy engineering', 'Critical infrastructure']::text[]) ON CONFLICT DO NOTHING;
INSERT INTO lecturers (id, full_name, title, email, phone, office, departments, research_areas) VALUES ('lec-lysa-corvin', 'Dr. Lysa Corvin', 'Associate Professor', 'lysa.corvin@brillaracademy.example', '+0004802803', 'Immersive Media Lab 202', ARRAY['dept-interactive-media']::text[], ARRAY['Immersive design', 'User experience', 'Spatial storytelling']::text[]) ON CONFLICT DO NOTHING;
INSERT INTO lecturers (id, full_name, title, email, phone, office, departments, research_areas) VALUES ('lec-eden-martel', 'Professor Eden Martel', 'Professor', 'eden.martel@brillaracademy.example', '+0004802804', 'Computing Hub 220', ARRAY['dept-ai-systems', 'dept-data-analytics', 'dept-cybersecurity']::text[], ARRAY['Data engineering', 'Privacy', 'Civic technology']::text[]) ON CONFLICT DO NOTHING;
INSERT INTO lecturers (id, full_name, title, email, phone, office, departments, research_areas) VALUES ('lec-zoe-quinn', 'Dr. Zoe Quinn', 'Associate Professor', 'zoe.quinn@brillaracademy.example', '+0004802805', 'Computing Hub 118', ARRAY['dept-cybersecurity', 'dept-interactive-media', 'dept-ai-systems']::text[], ARRAY['Human-computer interaction', 'Cybersecurity', 'Equitable AI']::text[]) ON CONFLICT DO NOTHING;
COMMIT;
